timestamp,accel_x,accel_y,accel_z,gyro_x,gyro_y,gyro_z
2.0467060417868197,0.0,0.0,9.579633178710937,4.29463284490339e-07,4.527419150690548e-08,2.809610322174194e-10
2.0967060425318778,0.0,0.0,5.86643928527832,-1.9688670818140963e-06,6.41049382466008e-08,-4.232569850159962e-10
2.146706043276936,0.0,0.0,3.2373661422729487,5.642360179081152e-07,5.006756964576198e-08,-9.69250457671933e-10
2.196706044021994,0.0,0.0,1.5026392364501948,-8.510731959177065e-07,1.3759517969447188e-08,9.48706890824269e-10
2.246706044767052,0.0,0.0,0.4457258605957026,-3.813553348663845e-07,-2.315883591563761e-07,-1.275171968018185e-09
2.29670604551211,0.0,0.0,-0.13326889038085987,2.91584740352846e-07,1.5961148847054574e-08,5.847738959730009e-11
2.346706046257168,0.0,0.0,-0.3981929397583013,2.429432015560451e-07,6.302087740550633e-09,7.623821574043177e-10
2.396706047002226,0.0,0.0,-0.4727168655395513,1.7872531543616788e-07,-3.869843112624949e-09,2.2081914075045006e-10
2.446706047747284,0.0,0.0,-0.4438005065917974,2.4341952098438924e-07,5.92413584854512e-09,1.3848744373490263e-10
2.4967060484923422,5.4917473793029785,0.7668242454528809,-0.5808597183227544,0.012535776942968369,-0.032648228108882904,0.06314322352409363
2.5467060492374003,5.082733631134033,0.3992500305175781,-0.28222328186035206,0.002460487186908722,-0.01703658699989319,0.028932984918355942
2.5967060499824584,1.4856157302856445,0.0988689661026001,-0.06774669647216847,-0.001989623997360468,-0.0013032671995460987,0.059314269572496414
2.6467060507275164,1.4164659976959229,0.17541289329528809,-0.07335334777832081,-0.0009516349527984858,0.0002633242984302342,0.03659296780824661
2.6967060514725745,3.621960163116455,0.3769674301147461,-0.13917118072509815,0.0015405048616230488,-0.004187391139566898,0.07901427149772644
2.7467060522176325,2.2313435077667236,0.2156517505645752,-0.005110321044922372,-0.001193965203128755,0.0009198887855745852,0.052030049264431
2.7967060529626906,1.679350733757019,0.13719046115875244,0.004706802368163565,-0.0005057647358626127,0.0036187509540468454,0.08489900827407837
2.8467060537077487,2.261186122894287,0.22841191291809082,-0.02240425109863331,0.00015152455307543278,0.0003642850206233561,0.0636274442076683
2.8967060544528067,2.351484775543213,0.20690417289733887,-0.01260047912597706,0.000509425182826817,0.0011156206019222736,0.09477244317531586
2.9467060551978648,2.545783042907715,0.30167531967163086,-0.012625274658203622,0.000484120799228549,-0.0015866216272115707,0.07420200854539871
2.996706055942923,2.553853750228882,-0.7231637239456177,-0.0029817199707036224,-0.017779449000954628,-6.251782178878784e-05,0.04871026426553726
3.046706056687981,2.6346371173858643,-0.4039769172668457,-0.004334983825684091,-0.00376429152674973,-0.0020320117473602295,0.02326907217502594
3.096706057433039,2.437368154525757,-0.04177689552307129,0.005629005432128409,0.0011143188457936049,0.000567288720048964,0.04703511670231819
3.146706058178097,2.5913033485412598,0.04926919937133789,-0.005429801940918466,0.0022774217650294304,-0.0015470553189516068,0.025033947080373764
3.196706058923155,2.471980571746826,0.06030464172363281,0.0005945587158198151,0.002582889050245285,0.0007645660080015659,0.046712726354599
3.246706059668213,2.632638454437256,0.06047987937927246,-0.009925422668457529,0.002064591506496072,-0.001568044419400394,0.026226706802845
3.296706060413271,2.5316803455352783,0.030748605728149414,-0.002731857299805185,0.0018375045619904995,0.0006280471570789814,0.045788202434778214
3.3467060611583292,2.725985288619995,0.10838890075683594,-0.012297210693359872,0.001229558838531375,-0.0017811546567827463,0.026979409158229828
3.3967060619033873,2.62371563911438,0.04858040809631348,-0.004252014160156747,0.0010941986693069339,0.00041639083065092564,0.04409193620085716
3.4467060626484454,2.8264782428741455,0.08468890190124512,-0.013458786010742685,0.000634755240753293,-0.002002612454816699,0.027222072705626488
3.4967060633935034,2.715602159500122,0.05546140670776367,-0.00476509094238331,0.0006342143751680851,0.0002262098714709282,0.0415368378162384
3.5467060641385615,2.929631471633911,0.11014842987060547,-0.014124450683594247,0.00030951923690736294,-0.0021937647834420204,0.027057107537984848
3.5967060648836195,2.8277063369750977,0.0607609748840332,-0.005411682128906747,0.00038486876292154193,5.485137808136642e-05,0.038111720234155655
3.6467060656286776,3.068645477294922,0.05315136909484863,-0.014808235168457529,0.00015241792425513268,-0.0023946589790284634,0.026722794398665428
3.6967060663737357,2.958312749862671,0.03470349311828613,-0.006515083312988779,0.0002443406265228987,-0.00021307832503225654,0.03354977071285248
3.7467060671187937,3.2445390224456787,0.11393356323242188,-0.016727027893066904,0.00012895278632640839,-0.002662540413439274,0.027221525087952614
3.796706067863852,3.120177745819092,0.026736974716186523,-0.00626045227050831,0.00012788691674359143,-0.00030064897146075964,0.027812045067548752
3.84670606860891,3.204303741455078,0.07761979103088379,-0.010462341308594247,8.144881576299667e-05,-0.0017354454612359405,0.02582353912293911
3.896706069353968,3.04115629196167,0.023715734481811523,-0.002777633666992685,4.509667633101344e-05,0.0004795520508196205,0.02437680773437023
3.946706070099026,3.16557240486145,0.08239459991455078,-0.011841354370117685,4.219857510179281e-05,-0.0009804803412407637,0.022606126964092255
3.996706070844084,3.0626940727233887,0.03551077842712402,-0.007309494018555185,2.6254390832036734e-05,0.00041241204598918557,0.02112574875354767
4.046706071589142,3.1932132244110107,0.03386712074279785,-0.012813148498535654,2.375739859417081e-05,-0.0006014063255861402,0.01940007694065571
4.0967060723342,3.0841689109802246,0.04818987846374512,-0.008264122009277841,1.931301085278392e-05,0.0002976272953674197,0.01798749715089798
4.146706073079258,3.1247968673706055,0.05282878875732422,-0.011235771179199716,1.4463148545473814e-06,-0.0001508794812252745,0.016359640285372734
4.196706073824316,3.083498001098633,0.033150434494018555,-0.008868751525879404,-2.665279316715896e-05,0.0002781531075015664,0.014916634187102318
4.246706074569374,3.1337108612060547,0.027543306350708008,0.06720775604247997,-0.00012308266013860703,-0.005581381265074015,0.01214879471808672
4.296706075314432,1.6340749263763428,-0.011076211929321289,0.010655822753905753,0.00010073930025100708,0.018118806183338165,0.05692259967327118
4.34670607605949,-0.5296004414558411,0.119164377450943,0.054320755004882315,-0.0008320277556777,0.012249654158949852,-0.036623381078243256
4.3967060768045485,-1.3724830150604248,-0.18212223052978516,0.02284568786621044,0.00026976317167282104,0.02323024906218052,0.05789073929190636
4.446706077549607,-0.03771594166755676,0.20391587913036346,-0.07215648651123097,-0.0002241460606455803,0.004167069680988789,-0.03690604865550995
4.496706078294665,-0.4670848250389099,-0.995780348777771,-0.026268539428711435,-0.01606626622378826,0.012869074009358883,0.00808628648519516
4.546706079039723,2.8896915912628174,-0.6777510643005371,-0.16923194885253956,-0.011222485452890396,-0.03379982337355614,-0.06833188235759735
4.596706079784781,9.027210235595703,-0.7381229400634766,-0.25811439514160206,-0.004564343020319939,-0.03145082667469978,-0.08467589318752289
4.646706080529839,8.090445518493652,-0.46239757537841797,-0.030131874084473154,9.754300117492676e-05,-0.03603745996952057,-0.08903078734874725
4.696706081274897,5.632315635681152,-0.360806941986084,0.1151089096069331,0.0023353518918156624,-0.007714664563536644,-0.08788461983203888
4.746706082019955,5.235065460205078,-0.3764619827270508,0.06598419189453075,0.003984518349170685,-0.007903173565864563,-0.05357932299375534
4.796706082765013,1.847447395324707,-0.1549994945526123,0.16066402435302685,0.0027167443186044693,0.019375331699848175,-0.10292953252792358
4.846706083510071,2.2819626331329346,-0.35745716094970703,0.013955535888671378,0.0037488630041480064,0.007718492299318314,-0.026790479198098183
4.896706084255129,1.8669488430023193,-0.082244873046875,-0.0005269622802739349,0.0016382839530706406,0.017059918493032455,-0.08232095837593079
4.946706085000187,2.8654534816741943,-0.29671502113342285,-0.0649438476562505,0.0024602082557976246,0.0010082647204399109,-0.011895977891981602
4.996706085745245,2.241291046142578,-0.0565488338470459,-0.015573081970215341,0.000940987840294838,0.01014428585767746,-0.06478942185640335
5.046706086490303,3.0828042030334473,-0.283111572265625,-0.053670463562012216,0.0017451304011046886,-0.003993067890405655,0.0003638512862380594
5.096706087235361,2.350846767425537,-0.012756586074829102,0.0003504180908198151,0.000528374221175909,0.006711270194500685,-0.05121028423309326
5.146706087980419,3.135694742202759,-0.18681049346923828,-0.038948593139648935,0.001347037497907877,-0.005756773520261049,0.009541844017803669
5.1967060887254775,2.3810720443725586,0.001348733901977539,0.010175170898437003,0.00028565432876348495,0.00566108850762248,-0.04118337854743004
5.2467060894705355,3.099780559539795,-0.7121176719665527,-0.03165870666503956,-0.009323062375187874,-0.005852315574884415,-0.014566591940820217
5.296706090215594,2.2990450859069824,-0.41391539573669434,0.017266693115233878,-0.003810926340520382,0.006776893511414528,-0.07601340115070343
5.346706090960652,2.3478307723999023,-0.4507930278778076,-0.002777633666992685,2.686120569705963e-05,-0.0011312538990750909,-0.018746456131339073
5.39670609170571,0.9415926933288574,-0.17086517810821533,0.04683822631835888,0.0005009518936276436,0.013200029730796814,-0.08020319789648056
5.446706092450768,0.8133518695831299,-0.3655708432197571,0.006878318786620596,0.0019394003320485353,0.0050107380375266075,-0.008029081858694553
5.496706093195826,-0.3970429599285126,-0.10934630036354065,0.03481048583984325,0.0014007631689310074,0.016861112788319588,-0.07408332824707031
5.546706093940884,-0.20693033933639526,-0.372469961643219,-0.013667640686035654,0.001909683458507061,0.006291466299444437,0.00488123157992959
5.596706094685942,-1.1365444660186768,-0.02694880962371826,0.011095466613769034,0.0014372915029525757,0.015479686670005322,-0.06486257910728455
5.646706095431,-0.6348004341125488,-0.304915189743042,-0.03265243530273487,0.0014564162120223045,0.003244284773245454,0.0158432275056839
5.696706096176058,-1.2738803625106812,0.013850092887878418,-0.002434310913086435,0.0012315427884459496,0.011235266923904419,-0.05612091347575188
5.746706096921116,-0.5495384335517883,-0.2760377526283264,-0.040260848999023935,0.0010000051697716117,-0.001566355931572616,0.023435913026332855
5.796706097666174,-1.03718101978302,0.020071864128112793,-0.0034404373168950286,0.0009843427687883377,0.006765073165297508,-0.04920739307999611
5.846706098411232,-0.2813781499862671,-0.34045782685279846,-0.03315883636474659,-0.002325646346434951,-0.005041181109845638,0.019783496856689453
5.89670609915629,-0.888558030128479,-0.08465331792831421,0.009118499755858878,-0.000422885175794363,0.004877402447164059,-0.05667436867952347
5.946706099901348,-0.2599326968193054,-0.29164302349090576,-0.019762573242187997,0.00021070707589387894,-0.005591430235654116,0.019301239401102066
5.996706100646406,-0.9974539875984192,-0.004953622817993164,0.02030796051025341,0.0007120901718735695,0.005456898361444473,-0.05606605485081673
6.0467061013914645,-0.4493248462677002,-0.2497633397579193,-0.013003883361816904,0.0006954376585781574,-0.00447775237262249,0.022782210260629654
6.0967061021365225,-1.2678489685058594,0.05633211135864258,0.02291435241699169,0.000914053525775671,0.006748239975422621,-0.053624093532562256
6.146706102881581,-0.710330605506897,-0.23763728141784668,-0.014022407531738779,0.0006886324845254421,-0.0034129456616938114,0.02744966559112072
6.196706103626639,-1.4998412132263184,0.04708850383758545,0.019666137695312003,0.0008810302242636681,0.0074505070224404335,-0.05068757385015488
6.246706104371697,-0.8818225264549255,-0.18653303384780884,-0.018643913269043466,0.0005114679224789143,-0.0032112421467900276,0.03182479366660118
6.296706105116755,-1.6317577362060547,0.07719278335571289,0.015334548950194815,0.0007514432072639465,0.007260051555931568,-0.04811784252524376
6.346706105861813,-0.9734393954277039,-0.1760694980621338,-0.022632179260254404,0.00030538556165993214,-0.003840753575786948,0.035191524773836136
6.396706106606871,-1.6331449747085571,0.09674596786499023,0.012300910949706534,0.0006307996809482574,0.0064468649215996265,-0.046149566769599915
6.446706107351929,-0.9343775510787964,-0.186259925365448,-0.024605331420898935,0.000246675219386816,-0.004904864355921745,0.03780319169163704
6.496706108096987,-1.573412537574768,0.14625024795532227,0.011715354919433096,0.00044147996231913567,0.005445695947855711,-0.04468552768230438
6.546706108842045,-0.7845407724380493,-0.2474656105041504,-0.024388847351074716,-0.0009294762276113033,-0.005965500604361296,0.03621290996670723
6.596706109587103,-1.4431501626968384,0.10449028015136719,0.013013305664062003,4.556216299533844e-05,0.004628332797437906,-0.04749621823430061
6.646706110332161,-0.6233526468276978,-0.20875561237335205,-0.022891578674316904,-0.00015415111556649208,-0.00671085761860013,0.03549278900027275
6.696706111077219,-1.2920018434524536,0.12318837642669678,0.015645446777343253,0.0003891768865287304,0.004244386684149504,-0.04752485454082489
6.746706111822277,-0.5119125843048096,-0.19930541515350342,-0.020376739501953622,6.6329725086689e-05,-0.006944748573005199,0.03618123009800911
6.796706112567335,-1.180680513381958,0.1524357795715332,0.01826328277587841,0.0004395921714603901,0.004374620039016008,-0.046709656715393066
6.846706113312393,-0.4705680012702942,-0.1794169545173645,-0.018145141601562997,5.8652833104133606e-05,-0.006669414695352316,0.03743147477507591
6.8967061140574515,-1.1699503660202026,0.08212649822235107,0.020547332763671378,0.0003557046875357628,0.004911599215120077,-0.04603056237101555
6.9467061148025095,-0.48972582817077637,-0.14929425716400146,-0.01719337463378956,0.00012330850586295128,-0.006086778361350298,0.039056651294231415
6.996706115547568,-1.1894478797912598,0.15204322338104248,0.021381797790526846,0.00033459998667240143,0.005585911218076944,-0.04522356018424034
7.046706116292626,-0.5496155023574829,-0.1490166187286377,-0.017439422607422372,0.00013779010623693466,-0.005511474329978228,0.040878791362047195
7.096706117037684,-1.289710521697998,0.13219618797302246,0.020550193786620596,0.00019049085676670074,0.006100046914070845,-0.04475798085331917
7.146706117782742,-0.5899766087532043,-0.14890408515930176,-0.018796501159668466,-2.562999725341797e-05,-0.005193775519728661,0.04187864810228348
7.1967061185278,-1.3602724075317383,0.11220312118530273,0.01894229888915966,0.0001412946730852127,0.0062955147586762905,-0.044846076518297195
7.246706119272858,-0.6405817866325378,-0.1889653205871582,-0.020468292236328622,-0.00036361999809741974,-0.00521512795239687,0.04164467379450798
7.296706120017916,-1.3707120418548584,0.16183245182037354,0.017537536621093253,0.00013015186414122581,0.006182469427585602,-0.04590153694152832
7.346706120762974,-0.6408746242523193,-0.15910464525222778,-0.02180629730224659,-8.588051423430443e-05,-0.005502437241375446,0.04198655113577843
7.396706121508032,-1.3610105514526367,0.15154612064361572,0.016964378356933096,0.00010118959471583366,0.0058881058357656,-0.04630761221051216
7.44670612225309,-0.5910384058952332,-0.22931647300720215,-0.02229457855224659,-7.39353708922863e-05,-0.005898855626583099,0.04211261868476868
7.496706122998148,-1.3009274005889893,0.16133534908294678,0.017017784118651846,0.00036372430622577667,0.0055703697726130486,-0.0457967109978199
7.546706123743206,-0.5406240224838257,-0.15933150053024292,-0.022162017822266122,-6.43627718091011e-05,-0.006251628510653973,0.042979445308446884
7.596706124488264,-1.2405472993850708,0.16116070747375488,0.017774047851562003,0.00014078477397561073,0.005356841254979372,-0.045753344893455505
7.646706125233322,-0.4701191186904907,-0.16947686672210693,-0.02145057678222706,-9.022839367389679e-05,-0.006447230465710163,0.043272532522678375
7.69670612597838,-1.1800073385238647,0.17099285125732422,0.01883548736572216,0.00016274629160761833,0.005325955338776112,-0.04566514492034912
7.7467061267234385,-0.4395214915275574,-0.1495450735092163,-0.020510253906250497,-0.00012071290984749794,-0.006445420905947685,0.04357011988759041
7.796706127468497,-1.1595547199249268,0.1308361291885376,0.01983207702636669,8.714105933904648e-05,0.005474314093589783,-0.045944344252347946
7.846706128213555,-0.42906010150909424,-0.13961312174797058,-0.01999336242675831,-8.919136598706245e-05,-0.006283887661993504,0.04380643740296364
7.896706128958613,-1.1592148542404175,0.16076892614364624,0.020573081970214346,0.00020881043747067451,0.005729652475565672,-0.04587815701961517
7.946706129703671,-0.4388754069805145,-0.1696031391620636,-0.019979057312012216,-0.00015627918764948845,-0.006061359774321318,0.04422176629304886
7.996706130448729,-1.1791373491287231,0.16078436374664307,0.02073234558105419,0.000342758372426033,0.0059811086393892765,-0.045654796063899994
8.046706131193787,-0.4488590955734253,-0.14956048130989075,-0.02035671234130909,-0.0002677999436855316,-0.00588645925745368,0.044739291071891785
8.096706131938845,-1.209252119064331,0.14077317714691162,0.020234527587890128,0.00030515482649207115,0.006140796467661858,-0.045831337571144104
8.146706132683903,-0.45898833870887756,-0.14955711364746094,-0.02090126037597706,-0.00029150769114494324,-0.005831209942698479,0.04510592296719551
8.196706133428961,-1.2294214963912964,0.14066064357757568,0.019642295837401846,0.00014788145199418068,0.006167809944599867,-0.04650818929076195
8.246706134174019,-0.4591660797595978,-0.189628005027771,-0.021518287658691904,-0.00020400667563080788,-0.0059082480147480965,0.045208919793367386
8.296706134919077,-1.2195420265197754,0.13051700592041016,0.019199790954589346,0.00012432504445314407,0.006083627697080374,-0.047016505151987076
8.346706135664135,-0.6295803189277649,-0.15955191850662231,-0.014719543457031747,-0.0003470047377049923,-0.004012131132185459,0.04728391021490097
8.396706136409193,-2.352445602416992,0.14116811752319336,0.05575698852539013,-0.00021042115986347198,0.012718814425170422,-0.04371410608291626
8.446706137154251,-7.358097553253174,0.027142047882080078,0.18262714385986278,-0.0004645101726055145,0.05707753822207451,-0.03135480731725693
8.49670613789931,-21.540006637573242,-0.1098480224609375,0.2692551040649409,-0.0005076304078102112,0.09258773922920227,-0.014906788244843483
8.546706138644367,-22.645055770874023,-0.11147499084472656,-0.100847778320313,8.719414472579956e-05,0.09497369080781937,-0.005503340158611536
8.596706139389426,-22.744518280029297,-0.11514663696289062,-0.4112859344482427,0.000494733452796936,0.08299098163843155,-0.0026917308568954468
8.646706140134484,-23.658525466918945,0.0013904571533203125,-0.5808015441894536,0.0004992857575416565,0.06282749027013779,-0.0009040982113219798
8.696706140879542,-12.173266410827637,-0.024990081787109375,-0.8730750656127935,0.0003497116267681122,-0.03205471858382225,-1.8641760107129812e-05
8.7467061416246,0.2213311493396759,0.00044077634811401367,-0.5948892211914067,0.0002653375267982483,-0.07215952128171921,-4.176842048764229e-05
8.796706142369658,-0.02924874797463417,0.019960690289735794,-0.14408737182617237,0.00020003318786621094,-0.07740048319101334,-3.519130405038595e-05
8.846706143114716,-0.11599424481391907,-0.020207293331623077,0.04653209686279247,0.00014576315879821777,-0.06805964559316635,-2.2187188733369112e-05
8.896706143859774,-0.14703857898712158,-0.0002733767032623291,0.11490959167480419,9.97595489025116e-05,-0.05400368198752403,-1.1684416676871479e-05
8.946706144604832,-0.13451531529426575,-0.0002552047371864319,0.12629837036132763,6.401538848876953e-05,-0.039981238543987274,-5.27880183653906e-06
8.99670614534989,-0.10827584564685822,-0.00020992755889892578,0.11272186279296825,4.0492042899131775e-05,-0.028042403981089592,-1.958163920789957e-06
9.046706146094948,-0.067185178399086,-0.00013288483023643494,0.09016937255859325,2.5993213057518005e-05,-0.018777232617139816,-4.952235030941665e-07
9.096706146840006,-0.06995893269777298,-0.00014350563287734985,0.06731742858886669,1.6551464796066284e-05,-0.01204515341669321,3.171544449287467e-08
9.146706147585064,-0.03544986620545387,-7.57761299610138e-05,0.047481956481933096,9.6932053565979e-06,-0.0074012866243720055,1.6488638721057214e-07
9.196706148330122,-0.012757384218275547,-3.0627474188804626e-05,0.03208774566650341,6.9998204708099365e-06,-0.004340328276157379,1.5205506542770308e-07
9.24670614907518,-0.01122526079416275,-2.770591527223587e-05,0.020886840820312003,6.636837497353554e-06,-0.0024086101911962032,1.0431111263642379e-07
9.296706149820238,-0.031226210296154022,-6.872415542602539e-05,0.028851928710937003,0.0,0.0,0.0
9.346706150565296,0.00957742240279913,1.5662051737308502e-05,-0.015729484558105966,2.062530256807804e-06,-0.00022973223531153053,-1.031336438472863e-08
9.396706151310354,-0.010313907638192177,-2.423767000436783e-05,0.013196411132812003,2.507542376406491e-06,-0.00021563640621025115,-6.995337642479171e-09
9.446706152055413,-0.00021946099877823144,-2.52862082561478e-06,0.00026172637939403387,1.2602686183527112e-06,-0.0001757996651576832,-4.422894051003823e-09
9.49670615280047,-0.00014631025260314345,-1.6468766261823475e-06,0.0004572296142573151,1.5166733646765351e-06,-0.0001315782719757408,-2.9846836113733843e-09
9.546706153545529,0.009905923157930374,1.926533877849579e-05,0.00044483184814403387,3.579043550416827e-08,-9.282052633352578e-05,-1.5156615962297337e-09
9.596706154290587,-0.010057457722723484,-2.1336600184440613e-05,0.0004400634765620026,5.3003168432042e-07,-6.250059232115746e-05,-1.0833981489710709e-09
9.646706155035645,-3.1351723009720445e-05,-4.7523644752800465e-07,0.0003084564208979401,1.2573946150951087e-06,-4.0119197365129367e-05,-6.235725269476688e-10
9.696706155780703,-3.13527270918712e-05,-4.7525281843263656e-07,0.0006250762939448151,-6.8911504058633e-07,-2.4810315153445117e-05,-1.7700102494799808e-10
9.746706156525761,-1.5674586393288337e-05,-3.816940079559572e-07,-0.00048786163330127863,1.0692619980545714e-06,-5.294337825034745e-06,-7.118982625620163e-10
9.796706157270819,-1.567614708619658e-05,-3.817312972387299e-07,0.0004887008666987214,1.498742221883731e-06,-6.4792416196723934e-06,-4.2108341813396066e-10
9.846706158015877,-1.5675366739742458e-05,-3.8171219784999266e-07,4.196166987213701e-07,1.4530232874676585e-06,-5.840656740474515e-06,-1.5800175057201216e-10
9.896706158760935,-1.5675366739742458e-05,-3.8171219784999266e-07,4.196166987213701e-07,-3.5206403481424786e-07,-5.139729637448909e-06,-2.538650123451447e-10
9.946706159505993,-1.5675366739742458e-05,-3.8171219784999266e-07,4.196166987213701e-07,-3.435236521909246e-07,-3.936920620617457e-06,-1.497972995645469e-10
9.996706160251051,-1.5675366739742458e-05,-3.8171219784999266e-07,4.196166987213701e-07,-2.2471567717730068e-07,-2.7654991754388902e-06,-6.14396242215598e-11
10.04670616099611,-1.5675366739742458e-05,-3.8171219784999266e-07,4.196166987213701e-07,-1.3014300748181995e-07,-1.93155415217916e-06,-1.185790632352024e-10
10.096706161741167,-1.5675366739742458e-05,-3.8171219784999266e-07,4.196166987213701e-07,2.9742636797891464e-08,-1.1428506923039095e-06,4.421630075968075e-11
10.146706162486225,-1.5675366739742458e-05,-3.8171219784999266e-07,4.196166987213701e-07,1.771092428271004e-08,-6.772577876290597e-08,-2.1798830102115474e-11
10.196706163231283,-1.5675366739742458e-05,-3.8171219784999266e-07,4.196166987213701e-07,9.852175253399764e-08,-3.8152549564074434e-07,-3.322555772178326e-11
10.246706163976341,-1.5675366739742458e-05,-3.8171219784999266e-07,4.196166987213701e-07,-6.226261461961258e-07,-3.843328499897325e-07,1.2525043502353839e-10
10.2967061647214,-1.5675366739742458e-05,-3.8171219784999266e-07,4.196166987213701e-07,2.0761972052696365e-07,2.2023783685654053e-07,2.5415556811902995e-11
10.346706165466458,-1.5675366739742458e-05,-3.8171219784999266e-07,4.196166987213701e-07,2.6390017637822893e-07,1.120221213568584e-07,-2.1653846250802022e-12
10.396706166211516,-1.5675366739742458e-05,-3.8171219784999266e-07,4.196166987213701e-07,3.202674463409494e-07,3.811180704360595e-09,-1.2180105014858444e-12
10.446706166956574,-1.5675366739742458e-05,-3.8171219784999266e-07,4.196166987213701e-07,3.3317775205432554e-07,-1.0623992352520872e-07,-7.140437980474035e-12
10.496706167701632,-1.5675366739742458e-05,-3.8171219784999266e-07,4.196166987213701e-07,3.5652050200951635e-07,-2.0179602699954557e-07,-1.2045883734934648e-10
10.54670616844669,-1.5675366739742458e-05,-3.8171219784999266e-07,4.196166987213701e-07,-9.030247838381911e-08,-2.9078435659357638e-08,-4.080007599133184e-12
10.596706169191748,-1.5675366739742458e-05,-3.8171219784999266e-07,4.196166987213701e-07,1.4491032374053248e-08,-4.595142044649947e-08,-5.1078238860746694e-12
10.646706169936806,-1.5675366739742458e-05,-3.8171219784999266e-07,4.196166987213701e-07,3.3455293646511564e-08,-1.033884728940393e-07,-7.369559823500182e-12
10.696706170681864,-1.5675366739742458e-05,-3.8171219784999266e-07,4.196166987213701e-07,2.2071290572966973e-08,-1.5479557191611093e-07,-7.03161010320863e-12
10.746706171426922,-1.5675366739742458e-05,-3.8171219784999266e-07,4.196166987213701e-07,4.243324553954153e-07,4.801992758984852e-08,-1.0281125256694779e-10
10.79670617217198,-1.5675366739742458e-05,-3.8171219784999266e-07,4.196166987213701e-07,4.4793071651838545e-07,6.912813432791154e-09,-1.0709945430509293e-10
10.846706172917038,-1.5675366739742458e-05,-3.8171219784999266e-07,4.196166987213701e-07,-3.7584302958748594e-07,-3.166650230923551e-08,1.0183250076511996e-10
10.896706173662096,-1.5675366739742458e-05,-3.8171219784999266e-07,4.196166987213701e-07,4.83319809063687e-07,-6.805555585742695e-08,7.670935284545544e-13
10.946706174407154,-1.5675366739742458e-05,-3.8171219784999266e-07,4.196166987213701e-07,1.4091085631662281e-08,1.5242177653362887e-07,1.2160721041265532e-10
10.996706175152212,-1.5675366739742458e-05,-3.8171219784999266e-07,4.196166987213701e-07,-2.2696168500146996e-08,-1.8274946000929049e-09,9.185995063568098e-13
11.04670617589727,-1.5675366739742458e-05,-3.8171219784999266e-07,4.196166987213701e-07,-6.3605199329686e-08,-7.268759816270176e-09,1.0809083489382587e-10
11.096706176642329,-1.5675366739742458e-05,-3.8171219784999266e-07,4.196166987213701e-07,3.0924675797905365e-07,-2.5080541377064947e-07,-1.2099771184992392e-10
11.146706177387387,-1.5675366739742458e-05,-3.8171219784999266e-07,4.196166987213701e-07,-1.8626568021318235e-07,-4.945135856360139e-09,3.071968677700876e-13
11.196706178132445,-1.5675366739742458e-05,-3.8171219784999266e-07,4.196166987213701e-07,-1.872363242227948e-07,1.074874944606563e-08,1.0411569609930504e-12
11.246706178877503,-1.5675366739742458e-05,-3.8171219784999266e-07,4.196166987213701e-07,-1.8464959339326015e-07,1.685017991803761e-08,1.0681704826209781e-10
11.29670617962256,-1.5675366739742458e-05,-3.8171219784999266e-07,4.196166987213701e-07,-1.8339216012464021e-07,2.7707031335921783e-08,1.0986894727338381e-10
11.346706180367619,-1.5675366739742458e-05,-3.8171219784999266e-07,4.196166987213701e-07,-1.9602978795774106e-07,3.737913800705428e-08,-3.845490549256314e-13
11.396706181112677,-1.5675366739742458e-05,-3.8171219784999266e-07,4.196166987213701e-07,0.0,0.0,0.0
11.446706181857735,-1.5675366739742458e-05,-3.8171219784999266e-07,4.196166987213701e-07,9.882253948489961e-08,1.9408396667586203e-08,2.9977845835034433e-13
11.496706182602793,-1.5675366739742458e-05,-3.8171219784999266e-07,4.196166987213701e-07,1.7321923451163457e-07,3.69888795148654e-08,7.823428536946064e-12
11.546706183347851,-1.5675366739742458e-05,-3.8171219784999266e-07,4.196166987213701e-07,-1.883525868606739e-07,-1.8397146561710542e-07,-1.6584483786274973e-11
11.596706184092909,-1.5675366739742458e-05,-3.8171219784999266e-07,4.196166987213701e-07,3.0735566269868286e-07,6.851033163002285e-08,6.891871622005663e-12
11.646706184837967,-1.5675366739742458e-05,-3.8171219784999266e-07,4.196166987213701e-07,-5.144894430486602e-07,7.048112138363649e-08,1.1003843669588065e-10
11.696706185583025,-1.5675366739742458e-05,-3.8171219784999266e-07,4.196166987213701e-07,-5.458817753378753e-08,-1.609105453326265e-07,-1.192162479846104e-10
11.746706186328083,-1.5675366739742458e-05,-3.8171219784999266e-07,4.196166987213701e-07,4.2753859474942146e-07,-3.868279350172088e-07,-1.3355966332895264e-10
11.796706187073141,-1.5675366739742458e-05,-3.8171219784999266e-07,4.196166987213701e-07,-4.0344397689295874e-07,9.957099678103987e-08,1.0862825916557739e-10
11.8467061878182,-1.5675366739742458e-05,-3.8171219784999266e-07,4.196166987213701e-07,2.386486563921153e-08,-5.910116840368573e-10,-1.0901704886046026e-12
11.896706188563257,-1.5675366739742458e-05,-3.8171219784999266e-07,4.196166987213701e-07,5.0832532849653944e-08,-1.4459967445645816e-08,1.0597158567327014e-10
11.946706189308316,-1.5675366739742458e-05,-3.8171219784999266e-07,4.196166987213701e-07,-4.035215397379943e-07,2.0721067528484127e-07,1.1929088272744082e-10
11.996706190053374,-1.5675366739742458e-05,-3.8171219784999266e-07,4.196166987213701e-07,1.9051022093208303e-08,-3.869179465709749e-08,-6.811696172392967e-12
12.046706190798432,-1.5675366739742458e-05,-3.8171219784999266e-07,4.196166987213701e-07,-3.860259596422111e-07,1.975452192937155e-07,1.1916667652656088e-10
12.09670619154349,-1.5675366739742458e-05,-3.8171219784999266e-07,4.196166987213701e-07,6.772901883778104e-08,-4.591955615751431e-08,-2.4197733660552556e-12
12.146706192288548,-1.5675366739742458e-05,-3.8171219784999266e-07,4.196166987213701e-07,9.119722221839766e-08,-4.772101647176896e-08,-7.378310636074747e-12
12.196706193033606,-1.5675366739742458e-05,-3.8171219784999266e-07,4.196166987213701e-07,1.1520538123477309e-07,-4.952133281221904e-08,-7.39367681662495e-12
12.246706193778664,-1.5675366739742458e-05,-3.8171219784999266e-07,4.196166987213701e-07,8.613134205859296e-09,-5.997602414709036e-10,-1.197144596995492e-12
12.296706194523722,-1.5675366739742458e-05,-3.8171219784999266e-07,4.196166987213701e-07,-3.9721277289572754e-07,2.3563606532661652e-07,1.2066228571860904e-10
12.34670619526878,-1.5675366739742458e-05,-3.8171219784999266e-07,4.196166987213701e-07,4.374642514903826e-08,-1.26976651415589e-08,-1.0466234823258702e-10
12.396706196013838,-1.5675366739742458e-05,-3.8171219784999266e-07,4.196166987213701e-07,6.1328627509738e-08,-2.173513280467887e-08,-1.392773049668783e-12
12.446706196758896,-1.5675366739742458e-05,-3.8171219784999266e-07,4.196166987213701e-07,4.184756718927929e-08,-4.1702033826140905e-08,-2.2994173839302467e-12
12.496706197503954,-1.5675366739742458e-05,-3.8171219784999266e-07,4.196166987213701e-07,4.493353742418549e-07,-2.918703216892027e-07,-2.3177937347185207e-10
12.546706198249012,-1.5675366739742458e-05,-3.8171219784999266e-07,4.196166987213701e-07,5.478936415670432e-08,-5.499795108221406e-08,-3.0362999441091443e-12
12.59670619899407,-1.5675366739742458e-05,-3.8171219784999266e-07,4.196166987213701e-07,6.839553634563345e-08,-6.466625990242392e-08,-5.074662044746159e-12
12.646706199739128,-1.5675366739742458e-05,-3.8171219784999266e-07,4.196166987213701e-07,-4.092978542757919e-07,1.6908515476643515e-07,1.0765149188740608e-11
12.696706200484186,-1.5675366739742458e-05,-3.8171219784999266e-07,4.196166987213701e-07,8.134625772981963e-08,-2.779624708182382e-08,-1.1482793882411357e-10
12.746706201229244,-1.5675366739742458e-05,-3.8171219784999266e-07,4.196166987213701e-07,1.7328744661426754e-07,-8.398190942671135e-08,-1.1545765732368096e-10
12.796706201974303,-1.5675366739742458e-05,-3.8171219784999266e-07,4.196166987213701e-07,-1.6941197600317537e-07,1.069610107151675e-07,1.0731893151927352e-10
12.84670620271936,-1.5675366739742458e-05,-3.8171219784999266e-07,4.196166987213701e-07,-9.499910902377451e-08,6.044076172884161e-08,1.0600457317488932e-10
12.896706203464419,-1.5675366739742458e-05,-3.8171219784999266e-07,4.196166987213701e-07,-2.926836728533999e-08,1.875322297451021e-08,1.0467873096109415e-10
12.946706204209477,-1.5675366739742458e-05,-3.8171219784999266e-07,4.196166987213701e-07,2.289145939471382e-08,-1.812904670828175e-08,-3.780480702791911e-12
12.996706204954535,-1.5675366739742458e-05,-3.8171219784999266e-07,4.196166987213701e-07,4.95293335234237e-08,-4.8954021281133464e-08,-2.5210643034984104e-12
13.046706205699593,-1.5675366739742458e-05,-3.8171219784999266e-07,4.196166987213701e-07,3.00495628380304e-08,-6.892091164445446e-08,-3.419572350976674e-12
13.096706206444651,-1.5675366739742458e-05,-3.8171219784999266e-07,4.196166987213701e-07,-9.655653165907552e-09,-9.076962292908775e-09,-1.0866915006735312e-12
13.146706207189709,-1.5675366739742458e-05,-3.8171219784999266e-07,4.196166987213701e-07,-2.913982299901363e-08,-2.9043887295188142e-08,-1.956791065987895e-12
13.196706207934767,-1.5675366739742458e-05,-3.8171219784999266e-07,4.196166987213701e-07,-4.681162977249187e-07,1.987312145956821e-07,2.2209706296294485e-10
13.246706208679825,-1.5675366739742458e-05,-3.8171219784999266e-07,4.196166987213701e-07,1.8620909258970642e-09,-3.6887662702156376e-08,-8.85349953072545e-12
13.296706209424883,-1.5675366739742458e-05,-3.8171219784999266e-07,4.196166987213701e-07,-4.0458050420966174e-07,1.993487472873312e-07,1.191962084590159e-10
13.346706210169941,-1.5675366739742458e-05,-3.8171219784999266e-07,4.196166987213701e-07,3.637860146454841e-08,-4.8984944100993744e-08,-1.0613105533296974e-10
13.396706210915,-1.5675366739742458e-05,-3.8171219784999266e-07,4.196166987213701e-07,8.571290521786068e-08,-5.0147875185757584e-08,1.0104991149395559e-10
13.446706211660057,-1.5675366739742458e-05,-3.8171219784999266e-07,4.196166987213701e-07,4.5900158340828057e-08,-6.651788453382323e-08,-1.108275624051025e-10
13.496706212405115,-1.5675366739742458e-05,-3.8171219784999266e-07,4.196166987213701e-07,0.0,0.0,0.0
13.546706213150173,-1.5675366739742458e-05,-3.8171219784999266e-07,4.196166987213701e-07,-5.2140887163432126e-08,-1.8444730187638925e-09,8.102883056367027e-13
13.596706213895231,-1.5675366739742458e-05,-3.8171219784999266e-07,4.196166987213701e-07,-6.771502825131392e-08,8.427324615922771e-09,7.820533500305094e-13
13.64670621464029,-1.5675366739742458e-05,-3.8171219784999266e-07,4.196166987213701e-07,7.995723763087881e-07,2.6467034786037402e-08,-1.0056630528332278e-10
13.696706215385348,-1.5675366739742458e-05,-3.8171219784999266e-07,4.196166987213701e-07,-9.813973633754358e-08,2.47363871608286e-08,1.681665006900146e-12
13.746706216130406,-1.5675366739742458e-05,-3.8171219784999266e-07,4.196166987213701e-07,-1.1798636023740983e-07,2.7749145203870285e-08,1.0477656069152186e-12
13.796706216875464,-1.5675366739742458e-05,-3.8171219784999266e-07,4.196166987213701e-07,3.2943876249191817e-07,-1.9939730577789305e-07,-1.0693824298302346e-11
13.846706217620522,-1.5675366739742458e-05,-3.8171219784999266e-07,4.196166987213701e-07,-1.6914859202188381e-07,4.283695886897476e-08,2.057759778545387e-12
13.89670621836558,-1.5675366739742458e-05,-3.8171219784999266e-07,4.196166987213701e-07,-1.8830127146429732e-07,4.5850939045521955e-08,6.019836538972978e-12
13.946706219110638,-1.5675366739742458e-05,-3.8171219784999266e-07,4.196166987213701e-07,5.087835575068311e-08,1.3333675497051445e-08,-7.181467876968273e-14
13.996706219855696,-1.5675366739742458e-05,-3.8171219784999266e-07,4.196166987213701e-07,-7.261735390784452e-07,3.4652373415156035e-08,1.0309555986687258e-10
14.046706220600754,-1.5675366739742458e-05,-3.8171219784999266e-07,4.196166987213701e-07,-6.284906248765765e-07,4.138439635426039e-08,2.113906966139112e-10
14.096706221345812,-1.5675366739742458e-05,-3.8171219784999266e-07,4.196166987213701e-07,-5.825131665915251e-07,5.229486532698502e-08,2.0934798339311556e-10
14.14670622209087,-1.5675366739742458e-05,-3.8171219784999266e-07,4.196166987213701e-07,3.3245197528231074e-07,6.671064056718023e-08,6.913563471711015e-12
14.196706222835928,-1.5675366739742458e-05,-3.8171219784999266e-07,4.196166987213701e-07,-4.6862908220646204e-07,7.352613806688169e-08,2.153819067540752e-10
14.246706223580986,-1.5675366739742458e-05,-3.8171219784999266e-07,4.196166987213701e-07,4.05770208544709e-07,8.852646260493202e-08,-1.0167352376688754e-10
14.296706224326044,-1.5675366739742458e-05,-3.8171219784999266e-07,4.196166987213701e-07,3.445245511102257e-08,-1.409085115255948e-07,-1.046283459177344e-11
14.346706225071102,-1.5675366739742458e-05,-3.8171219784999266e-07,4.196166987213701e-07,-1.2899883827799385e-08,-1.8218617725551667e-09,1.0020935903992667e-12
14.39670622581616,-1.5675366739742458e-05,-3.8171219784999266e-07,4.196166987213701e-07,3.79860864541115e-07,-2.404840415692888e-07,-1.210120476047294e-10
14.446706226561219,-1.5675366739742458e-05,-3.8171219784999266e-07,4.196166987213701e-07,-9.574755210906005e-08,-4.288416732833866e-09,5.703366381601405e-13
14.496706227306277,-1.5675366739742458e-05,-3.8171219784999266e-07,4.196166987213701e-07,3.412616820241965e-07,2.554167508606042e-07,2.0194764263625764e-11
14.546706228051335,-1.5675366739742458e-05,-3.8171219784999266e-07,4.196166987213701e-07,-1.1550977774277271e-07,1.5655750473797525e-08,1.1242599733118919e-12
14.596706228796393,-1.5675366739742458e-05,-3.8171219784999266e-07,4.196166987213701e-07,3.353125350713526e-07,-2.0304622694311547e-07,-1.1896020279955621e-10
14.64670622954145,-1.5675366739742458e-05,-3.8171219784999266e-07,4.196166987213701e-07,-1.2281853400963882e-07,3.3212927519343793e-08,1.0968847358183709e-10
14.696706230286509,-1.5675366739742458e-05,-3.8171219784999266e-07,4.196166987213701e-07,-1.4740315634753642e-07,3.619830835077664e-08,9.688591075251995e-13
14.746706231031567,-1.5675366739742458e-05,-3.8171219784999266e-07,4.196166987213701e-07,-1.5028413713480404e-07,4.587132451661091e-08,7.605456656166812e-14
14.796706231776625,-1.5675366739742458e-05,-3.8171219784999266e-07,4.196166987213701e-07,3.1499236996523905e-08,-5.866134245025023e-10,-1.0667074862302783e-12
14.846706232521683,-1.5675366739742458e-05,-3.8171219784999266e-07,4.196166987213701e-07,3.400306880507742e-08,-1.3284932265378302e-08,-1.166653145617813e-12
14.896706233266741,-1.5675366739742458e-05,-3.8171219784999266e-07,4.196166987213701e-07,1.4518388269380011e-08,-3.3251840392267695e-08,-2.023772425682746e-12
14.946706234011799,-1.5675366739742458e-05,-3.8171219784999266e-07,4.196166987213701e-07,3.609006427041095e-08,-3.384353419733088e-08,-2.199128899815772e-12
14.996706234756857,-1.5675366739742458e-05,-3.8171219784999266e-07,4.196166987213701e-07,-3.7429333588079317e-07,1.9757568736622488e-07,2.2208877792362358e-10
15.046706235501915,-1.5675366739742458e-05,-3.8171219784999266e-07,4.196166987213701e-07,8.414737351358781e-08,-4.1072439671552274e-08,-2.5343342875683295e-12
15.096706236246973,-1.5675366739742458e-05,-3.8171219784999266e-07,4.196166987213701e-07,1.059509600054298e-07,-4.166463440924417e-08,-2.3497876821404473e-12
15.146706236992031,-1.5675366739742458e-05,-3.8171219784999266e-07,4.196166987213701e-07,-3.1730763794257655e-07,1.9456113875548908e-07,1.193952714473312e-10
15.19670623773709,-1.5675366739742458e-05,-3.8171219784999266e-07,4.196166987213701e-07,1.623246248527721e-08,-5.953868509323001e-10,-1.1323615656255726e-12
15.246706238482147,-1.5675366739742458e-05,-3.8171219784999266e-07,4.196166987213701e-07,-3.025856898375423e-09,-2.0562819003089317e-08,-1.5549128824787761e-12
15.296706239227206,-1.5675366739742458e-05,-3.8171219784999266e-07,4.196166987213701e-07,-4.2801514155144105e-07,2.07197416557392e-07,1.241598907020247e-10
15.346706239972264,-1.5675366739742458e-05,-3.8171219784999266e-07,4.196166987213701e-07,1.2326051290756368e-08,-4.113750406986583e-08,-1.0587675181028544e-10
15.396706240717322,-1.5675366739742458e-05,-3.8171219784999266e-07,4.196166987213701e-07,5.709796724318039e-08,-4.3483755263196144e-08,9.887707319577999e-11
15.44670624146238,-1.5675366739742458e-05,-3.8171219784999266e-07,4.196166987213701e-07,-3.8280066405604884e-07,1.890810779059393e-07,1.1935723243094998e-10
15.496706242207438,-1.5675366739742458e-05,-3.8171219784999266e-07,4.196166987213701e-07,7.106356747499376e-08,-5.4383651360012664e-08,-2.7520464206121087e-12
15.546706242952496,-1.5675366739742458e-05,-3.8171219784999266e-07,4.196166987213701e-07,8.00716293269943e-08,-5.984477979836811e-08,-1.0631110575198832e-10
15.596706243697554,-1.5675366739742458e-05,-3.8171219784999266e-07,4.196166987213701e-07,0.0,0.0,0.0
15.646706244442612,-1.5675366739742458e-05,-3.8171219784999266e-07,4.196166987213701e-07,6.383601203197031e-09,1.7540756402922852e-08,1.3315375278072361e-12
15.69670624518767,-1.5675366739742458e-05,-3.8171219784999266e-07,4.196166987213701e-07,-2.8258410722514782e-08,1.5706014266925195e-08,1.3788490748484206e-12
15.746706245932728,-1.5675366739742458e-05,-3.8171219784999266e-07,4.196166987213701e-07,-8.06140008080547e-08,1.3861729541986278e-08,1.3738900425316891e-12
15.796706246677786,-1.5675366739742458e-05,-3.8171219784999266e-07,4.196166987213701e-07,-8.530854245236696e-08,2.776805985149622e-08,1.525763564970417e-12
15.846706247422844,-1.5675366739742458e-05,-3.8171219784999266e-07,4.196166987213701e-07,-7.662701762001234e-08,3.384416302765203e-08,1.0729161309397384e-10
15.896706248167902,-1.5675366739742458e-05,-3.8171219784999266e-07,4.196166987213701e-07,-1.3528067199786165e-07,3.197166620338976e-08,1.9644056346856953e-12
15.94670624891296,-1.5675366739742458e-05,-3.8171219784999266e-07,4.196166987213701e-07,-1.4426470329453878e-07,3.8618978237536794e-08,1.580958020747092e-12
15.996706249658018,-1.5675366739742458e-05,-3.8171219784999266e-07,4.196166987213701e-07,-1.3118894059971353e-07,5.253492219026157e-08,1.8733725508368604e-12
16.046706250403076,-1.5675366739742458e-05,-3.8171219784999266e-07,4.196166987213701e-07,-1.2899999290993946e-08,-1.2707139340761842e-08,-1.259160636001011e-12
16.096706251148134,-1.5675366739742458e-05,-3.8171219784999266e-07,4.196166987213701e-07,4.379733908876915e-09,-2.055789138921682e-08,-1.940928320842694e-12
16.146706251893193,-1.5675366739742458e-05,-3.8171219784999266e-07,4.196166987213701e-07,-4.060207174916286e-07,2.1086130175262952e-07,2.2254723064385473e-10
16.19670625263825,-1.5675366739742458e-05,-3.8171219784999266e-07,4.196166987213701e-07,4.363677774676944e-08,-3.2629618118562576e-08,-1.948572813520455e-12
16.24670625338331,-1.5675366739742458e-05,-3.8171219784999266e-07,4.196166987213701e-07,5.732398378199832e-08,-4.229784522635782e-08,-4.2024131570450596e-12
16.296706254128367,0.38060542941093445,0.0007839202880859375,-0.011497077941895029,-5.523976869881153e-05,0.0036722414661198854,-4.1725517803570256e-05
16.346706254873425,0.43158844113349915,0.000890195369720459,-0.006690559387207529,6.597628816962242e-05,-0.005872214678674936,0.0001239355915458873
16.396706255618483,-0.22865509986877441,-0.020464792847633362,0.02345127105712841,-6.097322329878807e-05,0.0048147630877792835,-6.798916274419753e-07
16.44670625636354,1.1532140970230103,0.042510032653808594,-0.042732772827148935,-0.0001948443241417408,-0.005354715511202812,0.018608830869197845
16.4967062571086,0.3940030336380005,0.010969191789627075,0.02393669128417919,0.00010605400893837214,0.0006979679455980659,-0.02010674960911274
16.546706257853657,0.0740012675523758,-0.05987068638205528,0.015579643249511221,-0.0005187829374335706,-1.2199219781905413e-05,0.01961452327668667
16.596706258598715,0.21373622119426727,0.03043505549430847,-0.0015330886840825286,0.00012428220361471176,-0.004039319232106209,0.00787151325494051
16.646706259343773,3.5796091556549072,-0.04351305961608887,-0.11195522308349659,0.00029644928872585297,-0.010524068959057331,0.019365692511200905
16.69670626008883,3.246159076690674,0.04564404487609863,-0.020106849670410654,-0.0003398265689611435,-0.012573174200952053,0.016114141792058945
16.74670626083389,2.7610678672790527,0.01473689079284668,0.028500976562499503,-6.961449980735779e-05,-0.00784887932240963,-0.006171110086143017
16.796706261578947,1.4424247741699219,-0.0679316520690918,0.06287998199462841,-0.00028445199131965637,-0.00033357899519614875,0.013319909572601318
16.846706262324005,1.581708550453186,0.11248862743377686,0.02448886871337841,-5.006545688956976e-05,0.001677321968600154,-0.014500554651021957
16.896706263069063,0.8699076175689697,-0.07873094081878662,0.029947700500487784,-5.9660524129867554e-05,0.005315120797604322,0.016019079834222794
16.94670626381412,1.498378038406372,0.062291860580444336,-0.01827960968017628,5.0016038585454226e-05,0.00037777324905619025,-0.014062208123505116
16.99670626455918,1.9986294507980347,-0.0473247766494751,-0.028540191650391122,-1.0886811651289463e-05,-0.0004925832618027925,0.014838353730738163
17.046706265304238,2.530039072036743,0.04362201690673828,-0.03139358520507862,1.6484875231981277e-05,-0.00471654674038291,-0.012811445631086826
17.096706266049296,2.4719624519348145,-0.03689742088317871,-0.009939727783203622,1.9947532564401627e-05,-0.002768681151792407,0.014120135456323624
17.146706266794354,2.673769235610962,0.053517818450927734,-0.009082374572754404,-5.223648622632027e-05,-0.00458275992423296,-0.011376921087503433
17.196706267539412,2.485276222229004,-0.047194480895996094,0.00396293640136669,7.986265700310469e-05,-0.0015239486237987876,0.01374549139291048
17.24670626828447,2.626326084136963,0.03306770324707031,-0.0033450698852544036,-8.371938019990921e-05,-0.0029230120126158,-0.010450432077050209
17.296706269029528,2.4469597339630127,-0.027599334716796875,0.00445121765136669,9.104344644583762e-05,5.623257311526686e-05,0.013103943318128586
17.346706269774586,2.587364912033081,0.03261446952819824,-0.006106910705566904,-7.608928717672825e-05,-0.0017456223722547293,-0.009542983956634998
17.396706270519644,2.437563896179199,-0.03798198699951172,8.338928222606512e-05,9.900727309286594e-05,0.0007294336101040244,0.012398295104503632
17.446706271264702,2.637760639190674,0.042218685150146484,-0.010703620910645029,-9.649351704865694e-05,-0.0015007341280579567,-0.008641001768410206
17.49670627200976,2.497917652130127,-0.028337478637695312,-0.0031276321411137786,0.00011710193939507008,0.0007094553438946605,0.011547879315912724
17.546706272754818,2.718205451965332,0.03180670738220215,-0.012716827392578622,-0.00010197167284786701,-0.001673691556788981,-0.007618751842528582
17.596706273499876,2.598438024520874,-0.008706331253051758,-0.004407463073730966,0.00012085901107639074,0.0004886885872110724,0.010524420998990536
17.646706274244934,2.77885103225708,0.05135822296142578,-0.013349113464355966,-9.018357377499342e-05,-0.0019160992233082652,-0.006426612846553326
17.696706274989992,2.7091948986053467,0.010894536972045898,-0.004922447204590341,8.418915967922658e-05,0.0002707592793740332,0.009216305799782276
17.74670627573505,2.88973331451416,0.030891895294189453,-0.013804969787598154,-0.000104203587397933,-0.0021292888559401035,-0.005220919847488403
17.79670627648011,2.820164442062378,-0.019517183303833008,-0.005281982421875497,9.511639655102044e-05,8.8742162915878e-05,0.007645654492080212
17.846706277225167,2.990800619125366,0.0004181861877441406,-0.014401969909668466,-0.00010386365465819836,-0.002327677560970187,-0.0037119186017662287
17.896706277970225,2.9513161182403564,0.010074138641357422,-0.00618415832519581,3.948037920054048e-05,-0.00012107129441574216,0.0053792474791407585
17.946706278715283,3.1520862579345703,0.009963274002075195,-0.015837249755859872,6.661051884293556e-06,-0.002610535826534033,-0.0010789695661514997
17.99670627946034,3.1427690982818604,-0.020275592803955078,-0.007926521301270029,5.841944948770106e-05,-0.0004731865192297846,0.00223665963858366
18.0467062802054,3.223482370376587,-0.0004942417144775391,-0.012190399169922372,-4.472443833947182e-05,-0.0020517422817647457,0.0010732968803495169
18.096706280950457,3.0637826919555664,-0.0006575584411621094,-0.0021129226684575286,-3.786766319535673e-05,0.00037596357287839055,0.001030381303280592
18.146706281695515,3.1340112686157227,-0.03085947036743164,-0.01075416564941456,-0.00024538126308470964,-0.001093362458050251,0.0001604384888196364
18.196706282440573,3.084088087081909,0.019107818603515625,-0.006567535400391122,0.00014944365830160677,0.00045394746121019125,0.0006859279237687588
18.24670628318563,3.1642158031463623,0.009021282196044922,-0.012919006347656747,8.196092676371336e-05,-0.0007072267471812665,0.0007337563438341022
18.29670628393069,3.0942416191101074,-0.011060237884521484,-0.008306083679199716,-0.00013918639160692692,0.000312223332002759,0.0001327783102169633
18.346706284675747,3.154266357421875,-0.05111980438232422,-0.011563835144043466,-2.2140215151011944e-05,-0.00027133917319588363,5.1130693464074284e-05
18.396706285420805,2.943976640701294,-0.0010535717010498047,-0.00308662414550831,1.426332164555788e-05,0.0016272373031824827,1.8246719264425337e-05
18.446706286165863,2.162142038345337,-0.0007815361022949219,0.021949234008788565,2.6251189410686493e-05,0.006014430429786444,5.534662705031224e-06
18.49670628691092,0.21639537811279297,0.07996907830238342,0.11704296112060497,0.0002038944512605667,0.013997570611536503,0.0006615690654143691
18.54670628765598,-1.553242564201355,0.0005954504013061523,-0.0025020217895512786,-0.00011103041470050812,0.02147107757627964,0.00012091032112948596
18.596706288401037,-2.4340286254882812,-0.07909822463989258,0.038486900329589346,-3.286637365818024e-05,0.021849751472473145,5.846390195074491e-05
18.646706289146096,-2.6440670490264893,0.0009760856628417969,-0.008039054870605966,-4.6193599700927734e-06,0.01915971003472805,3.284986087237485e-05
18.696706289891154,-2.3415839672088623,0.07098698616027832,-0.04373126983642628,0.0001844288781285286,0.012439903803169727,0.0006004961906000972
18.74670629063621,-1.535417079925537,0.0006508827209472656,-0.06859642028808643,-0.00012403912842273712,0.004706817213445902,7.666997407795861e-05
18.79670629138127,-0.25487613677978516,-0.06990587711334229,-0.08062129974365284,-3.496697172522545e-05,-0.00487052695825696,2.8194423066452146e-05
18.846706292126328,0.6689885854721069,0.07977128028869629,-0.05927711486816456,0.0001800544559955597,-0.009257136844098568,0.0006388602196238935
18.896706292871386,1.024047613143921,-0.01043081283569336,-0.023012695312500497,-0.00013778731226921082,-0.010653947480022907,8.064921712502837e-05
18.946706293616444,0.5980678200721741,-0.00017344951629638672,0.020594062805175284,0.0002234182320535183,-0.006090519484132528,0.0009205240639857948
18.996706294361502,-0.10967797040939331,0.3932127058506012,0.04145854949951122,0.006680676713585854,-0.00216406537219882,0.022685950621962547
19.04670629510656,-0.5196724534034729,0.2858651578426361,0.03564495086669872,0.0015436066314578056,0.00201961537823081,0.024658309295773506
19.096706295851618,-0.7814308404922485,0.09744089841842651,0.02174419403076122,-0.0005510535556823015,0.003201592480763793,0.02344808541238308
19.146706296596676,-0.9934889078140259,0.07875245809555054,0.011663856506347159,-0.0012778900563716888,0.004790639039129019,0.022301726043224335
19.196706297341734,-0.9453034400939941,0.07873702049255371,-0.0038400268554692474,-0.0013915463350713253,0.003039530012756586,0.01788477785885334
19.246706298086792,-0.8569445610046387,0.028345048427581787,-0.010297355651855966,-0.0012782206758856773,0.00266358838416636,0.021464137360453606
19.29670629883185,-0.6174212694168091,0.026629269123077393,-0.016779479980469247,-0.0010175023926422,-0.00012417323887348175,0.012492540292441845
19.34670629957691,-0.5073832869529724,0.015733003616333008,-0.011492309570312997,-0.000815201667137444,-0.0001620780094526708,0.018409375101327896
19.396706300321966,-0.3364753723144531,0.044171661138534546,-0.00999122619628956,-0.0005906757432967424,-0.001998316962271929,0.009401313029229641
19.446706301067024,-0.4355590343475342,0.07508760690689087,0.0003446960449213776,-0.0004548095748759806,-0.0005717206513509154,0.015973377972841263
19.496706301812083,-0.41555044054985046,0.02488887310028076,0.0019840621948237214,-0.0003608256811276078,-0.001261339639313519,0.006538433022797108
19.54670630255714,-0.6256308555603027,0.01719433069229126,0.008436622619628409,-0.00027227477403357625,0.0008717263699509203,0.014041006565093994
19.5967063033022,-0.6358245015144348,0.01742321252822876,0.003443183898925284,-0.00019974098540842533,1.745116605889052e-05,0.003964677453041077
19.646706304047257,-0.7469953298568726,-0.04111295938491821,0.004777374267577628,-0.00015094061382114887,0.0016563780372962356,0.012567469850182533
19.696706304792315,-0.6668625473976135,-0.0018968582153320312,-0.003449974060059091,-6.365524313878268e-05,-9.402266005054116e-05,0.002018512925133109
19.746706305537373,-0.6870070695877075,0.008562445640563965,-0.0016685104370122161,-6.161851342767477e-05,0.0010036139283329248,0.011513317935168743
19.79670630628243,-0.5426876544952393,1.015333890914917,-0.007498321533203622,0.022404741495847702,-0.001174306496977806,0.06314755231142044
19.84670630702749,-0.04551661014556885,1.125154972076416,-0.02165657043457081,0.009146648459136486,-0.0033106300979852676,0.09002953767776489
19.896706307772547,1.0898938179016113,0.5415436029434204,-0.04338222503662159,0.0017654625698924065,-0.009288105182349682,0.08848126977682114
19.946706308517605,1.8346662521362305,0.42602741718292236,-0.03153186798095753,-0.0017338376492261887,-0.01077087689191103,0.09149680286645889
19.996706309262663,2.451251983642578,0.3671092987060547,-0.019491729736328622,-0.0031074415892362595,-0.012778677977621555,0.0877285972237587
20.04670631000772,2.6473045349121094,0.31809139251708984,0.0012850189208979401,-0.003300813026726246,-0.01073460653424263,0.08435026556253433
20.09670631075278,2.665849208831787,1.5402255058288574,0.010654869079589346,0.031062692403793335,-0.008060108870267868,0.16651102900505066
20.146706311497837,2.5231845378875732,2.46561861038208,0.011263313293456534,0.02087489515542984,-0.005267133936285973,0.21877968311309814
20.196706312242895,2.816276788711548,1.53367018699646,-0.002870140075684091,0.007224115077406168,-0.00438176142051816,0.23391962051391602
20.246706312987953,2.915990114212036,1.2342817783355713,0.018414916992187003,-0.0012773445341736078,-0.0030593075789511204,0.23631885647773743
20.29670631373301,2.828751564025879,0.9456727504730225,0.050304832458495596,-0.00891038402915001,-0.005255101248621941,0.1954924613237381
20.34670631447807,-0.6597696542739868,1.148813009262085,0.1009182357788081,0.010682281106710434,0.023945365101099014,0.3087421953678131
20.396706315223128,-1.0913166999816895,2.332747459411621,-0.019519386291504404,0.01790505461394787,0.009574489668011665,0.3177601397037506
20.446706315968186,3.24149751663208,3.296996593475342,-0.17019134521484425,0.023912029340863228,0.0012504812330007553,0.3775201737880707
20.496706316713244,1.978751301765442,1.7683465480804443,-0.020149765014648935,-0.005788910668343306,0.0008264291100203991,0.4326641857624054
20.546706317458302,-1.0600159168243408,2.531033515930176,0.0854763412475581,0.01805885136127472,0.019798483699560165,0.39765211939811707
20.59670631820336,-0.4747316837310791,3.1814584732055664,-0.021779594421387216,0.013809829019010067,0.0076480889692902565,0.5281972289085388
20.646706318948418,4.641029357910156,4.504579067230225,-0.25983959197998097,0.03579135984182358,-0.015980329364538193,0.5910226702690125
20.696706319693476,7.999301910400391,5.284332752227783,-0.22047954559326222,0.0446193665266037,-0.0263914056122303,0.7191858887672424
20.746706320438534,5.496533393859863,4.708803176879883,0.00213188171386669,0.013249078765511513,-0.003295161761343479,0.7525070905685425
20.796706321183592,4.93021297454834,5.171156883239746,0.004609527587890128,0.027063261717557907,-0.0007418449968099594,0.8170111775398254
20.84670632192865,2.0711464881896973,4.538113117218018,0.08737701416015575,-0.004460826516151428,0.025302229449152946,0.8373223543167114
20.896706322673708,1.9113616943359375,5.180094242095947,-0.016418991088867685,0.018079154193401337,0.018760304898023605,0.8258634805679321
20.946706323418766,0.8655829429626465,6.490671634674072,-0.05361419677734425,0.03029470518231392,0.03265554457902908,0.9489642381668091
20.996706324163824,2.051635265350342,6.109922409057617,-0.14859539031982472,0.00935127679258585,0.016847459599375725,0.9081155061721802
21.046706324908882,1.3230419158935547,6.584453582763672,-0.10490566253662159,0.026187321171164513,0.02887376956641674,1.013893723487854
21.09670632565394,1.556051254272461,7.977985858917236,-0.16180187225341847,0.03271102160215378,0.020034000277519226,1.051060676574707
21.146706326399,1.2613143920898438,7.189401149749756,-0.14167266845703175,0.008526407182216644,0.02804839052259922,1.0995339155197144
21.196706327144057,1.8904047012329102,7.885994911193848,-0.17217594146728565,0.023682693019509315,0.019512027502059937,1.1108907461166382
21.246706327889115,0.7853918075561523,8.865030288696289,-0.151018676757813,0.027698436751961708,0.03358263894915581,1.2138139009475708
21.296706328634173,1.8838043212890625,8.324524879455566,-0.21184783935546925,0.005924162454903126,0.02068953774869442,1.1726374626159668
21.34670632937923,0.9684352874755859,8.960603713989258,-0.1628003692626958,0.03236578404903412,0.036769479513168335,1.2754205465316772
21.39670633012429,0.24161243438720703,11.290647506713867,-0.23474651336669972,0.055983711034059525,0.03885962814092636,1.3928760290145874
21.446706330869347,-0.6007671356201172,11.524657249450684,-0.2764783477783208,0.03174329921603203,0.051243800669908524,1.493751883506775
21.496706331614405,1.094381332397461,10.33963680267334,-0.33034950256347706,0.001968683674931526,0.03783759847283363,1.4595388174057007
21.546706332359463,1.3993396759033203,9.32332706451416,-0.2662053680419927,-0.018206050619482994,0.03985448181629181,1.4336615800857544
21.59670633310452,2.8002920150756836,8.719069480895996,-0.2619309997558599,-0.027441224083304405,0.021794773638248444,1.2950962781906128
21.64670633384958,2.543529510498047,7.830631256103516,-0.17895370483398487,-0.034672219306230545,0.02533038705587387,1.2166458368301392
21.696706334594637,2.831378936767578,7.101849555969238,-0.1511731719970708,-0.03828014060854912,0.011706370860338211,1.0264886617660522
21.746706335339695,1.5976402759552002,6.2072834968566895,-0.06992584228515675,-0.038819629698991776,0.020433245226740837,0.9416435360908508
21.796706336084753,1.4471125602722168,5.517045021057129,-0.07106929779052784,-0.040427763015031815,0.009334055706858635,0.7336512804031372
21.84670633682981,0.12454670667648315,4.551848411560059,-0.019098815917969247,-0.03851592540740967,0.0187709741294384,0.6658572554588318
21.89670633757487,0.1452123522758484,4.091372013092041,-0.04619556427002003,-0.03598896041512489,0.007286532316356897,0.47141990065574646
21.946706338319927,-0.8751119375228882,3.2367894649505615,-0.010636863708496591,-0.03219496086239815,0.015802506357431412,0.43811461329460144
21.996706339064986,-0.5212147831916809,2.949099063873291,-0.045105514526367685,-0.02884560264647007,0.0034892400726675987,0.2715274393558502
22.046706339810044,-1.2558856010437012,2.192888021469116,-0.010840950012207529,-0.025319073349237442,0.011383716948330402,0.2718579173088074
22.0967063405551,-0.6188953518867493,2.0163893699645996,-0.044777450561523935,-0.022087091580033302,-0.0013226275332272053,0.13416914641857147
22.14670634130016,-1.086365818977356,1.3891096115112305,-0.008529243469238779,-0.01925796829164028,0.006618326995521784,0.16099615395069122
22.196706342045218,-0.22082364559173584,1.3163455724716187,-0.041005668640137216,-0.01648026891052723,-0.006034983787685633,0.048227064311504364
22.246706342790276,-0.6083717942237854,0.8096542358398438,-0.002892074584961435,-0.014224723912775517,0.002500333124771714,0.09249430894851685
22.296706343535334,0.36638563871383667,0.827758252620697,-0.033855018615723154,-0.011958780698478222,-0.009558982215821743,-0.00031675651553086936
22.346706344280392,-0.0021339859813451767,0.42248260974884033,0.007468643188476065,-0.010167784057557583,0.0002631967072375119,0.05388364568352699
22.39670634502545,0.8335530161857605,0.493641197681427,-0.021024284362793466,-0.00855772104114294,-0.010427592322230339,-0.025527846068143845
22.446706345770508,0.30607369542121887,0.17514197528362274,0.02137607574462841,-0.006971349008381367,0.0009903095196932554,0.035106170922517776
22.496706346515566,0.8821070790290833,0.29541003704071045,-0.008200225830078622,-0.005835685413330793,-0.00840322207659483,-0.03724579140543938
22.546706347260624,0.15422113239765167,0.014193064533174038,0.03099674224853466,-0.004531731829047203,0.0038170916959643364,0.028765251860022545
22.596706348005682,0.6413692831993103,0.22836771607398987,-0.003966865539551279,-0.0038830472622066736,-0.00529436394572258,-0.041780270636081696
22.64670634875074,-0.1686239391565323,-0.08010285347700119,0.030106964111327628,-0.002900543622672558,0.00653893081471324,0.028203116729855537
22.6967063494958,0.2762737274169922,-0.26717427372932434,-0.00831275939941456,-0.01052805781364441,-0.003159204265102744,-0.06605277210474014
22.746706350240856,-0.4806916117668152,-0.48061662912368774,0.022744598388671378,-0.005001354496926069,0.007753252051770687,-0.0017284874338656664
22.796706350985914,0.06800759583711624,-0.13613522052764893,-0.017082748413086435,-0.0025485653895884752,-0.0028092567808926105,-0.07748057693243027
22.846706351730973,-0.5681994557380676,-0.3529030680656433,0.015458526611327628,-0.0009584041545167565,0.007309458684176207,-0.004736452363431454
22.89670635247603,0.03740004822611809,-0.09609988331794739,-0.022432861328125497,-0.00018862233264371753,-0.003747473703697324,-0.07541293650865555
22.94670635322109,-0.5180572271347046,-0.34597378969192505,0.01168388366699169,0.00036845708382315934,0.006064628716558218,0.0005540878046303988
22.996706353966147,0.12746506929397583,-0.06693318486213684,-0.023954925537109872,0.0005779711646027863,-0.005121716298162937,-0.06774125248193741
23.046706354711205,-0.39633771777153015,-0.298654168844223,0.011875572204589346,0.0007651829509995878,0.004812400788068771,0.008375689387321472
23.096706355456263,0.2984982430934906,-0.038004275411367416,-0.022351799011230966,0.0007791350362822413,-0.006180204916745424,-0.058888450264930725
23.14670635620132,-0.24415358901023865,-0.25057336688041687,0.014807167053222159,0.0008241215255111456,0.004136558156460524,0.01602179743349552
23.19670635694638,0.4302358627319336,0.01192956417798996,-0.01897865295410206,0.0006995252915658057,-0.006496121641248465,-0.05130833759903908
23.246706357691437,-0.19250255823135376,-0.24071159958839417,0.01816600799560497,0.0007651931955479085,0.004224308766424656,0.022310731932520866
23.296706358436495,0.4601438343524933,-0.09807147085666656,-0.015660820007324716,-0.002095064613968134,-0.006097329314798117,-0.05345788225531578
23.346706359181553,-0.18217182159423828,-0.33231815695762634,0.020402374267577628,-0.00036102786543779075,0.004842973779886961,0.016756193712353706
23.39670635992661,0.3915303945541382,0.0029405541718006134,-0.014640388488770029,0.00016398809384554625,-0.0053944056853652,-0.05350907891988754
23.44670636067167,-0.2509807348251343,-0.261820524930954,0.02061504364013622,0.0006428218330256641,0.005487386602908373,0.01887478493154049
23.496706361416727,0.31137707829475403,0.014701208099722862,-0.015383300781250497,0.0006242198869585991,-0.004849929828196764,-0.05065073072910309
23.546706362161785,-0.34077829122543335,-0.22091181576251984,0.019254150390624503,0.0008139063138514757,0.005835175514221191,0.022735077887773514
23.596706362906843,0.28101664781570435,0.05602102354168892,-0.017153320312500497,0.0006484432960860431,-0.00468065682798624,-0.04689985513687134
23.6467063636519,-0.39100897312164307,-0.2003019154071808,0.01768058776855419,0.0007178515661507845,0.005811805836856365,0.02662207931280136
23.69670636439696,0.24045541882514954,0.057104915380477905,-0.018804130554199716,0.0005084022413939238,-0.004852731712162495,-0.04348990321159363
23.746706365142018,-0.36112916469573975,-0.17013151943683624,0.016572418212890128,0.0005714839790016413,0.005538224242627621,0.029676834121346474
23.796706365887076,0.2702503800392151,0.07768429070711136,-0.01924568176269581,0.00043606257531791925,-0.005183490924537182,-0.040596168488264084
23.846706366632134,-0.35105395317077637,-0.14986975491046906,0.016186180114745596,0.00043125974480062723,0.005218923091888428,0.031950660049915314
23.896706367377192,0.3103167712688446,0.08804304152727127,-0.018988189697266122,0.0002576094993855804,-0.005468378774821758,-0.03869117796421051
23.94670636812225,-0.3209443688392639,-0.1901245266199112,0.01691764831542919,-0.000495315995067358,0.005025434773415327,0.030939137563109398
23.996706368867308,0.36045196652412415,0.057737160474061966,-0.01834255218505909,-0.00018769408052321523,-0.005581656005233526,-0.04078413546085358
24.046706369612366,-0.3004833161830902,-0.1604197472333908,0.01781505584716747,0.00022140447981655598,0.0050089117139577866,0.030618764460086823
24.096706370357424,0.34075045585632324,0.08811211585998535,-0.017400321960449716,0.0001523429382359609,-0.005513278301805258,-0.040250085294246674
24.146706371102482,-0.27019596099853516,-0.1604180783033371,0.018264236450194815,0.00025856797583401203,0.005136595107614994,0.031249133870005608
24.19670637184754,0.35084888339042664,0.0884549543261528,-0.016966400146484872,0.00014026375720277429,-0.005350565072149038,-0.03954356908798218
24.246706372592598,-0.32002320885658264,-0.1301700323820114,0.01846164703369091,0.000372615730157122,0.005300026386976242,0.032472219318151474
24.296706373337656,0.3408135771751404,0.09888263791799545,-0.017031250000000497,0.00021689303684979677,-0.0052005574107170105,-0.038119059056043625
24.346706374082714,-0.33005771040916443,-0.11991855502128601,0.01826328277587841,0.000368369510397315,0.005408489145338535,0.03406413644552231
24.396706374827772,0.31065818667411804,0.08917567133903503,-0.01760822296142628,-6.528684752993286e-05,-0.005136395338922739,-0.03738133981823921
24.44670637557283,-0.3301970958709717,-0.12985992431640625,0.017791213989257315,0.00024659474729560316,0.005423372611403465,0.034611254930496216
24.49670637631789,0.290521502494812,0.09933627396821976,-0.017833290100098154,-5.5466101912315935e-05,-0.005162283778190613,-0.03687331825494766
24.546706377062947,-0.32030272483825684,-0.1399645060300827,0.017522277832030753,-0.00010495845344848931,0.005365585908293724,0.03408592566847801
24.596706377808005,0.3204270601272583,0.09922605752944946,-0.01828437805175831,-0.000168937403941527,-0.005241416394710541,-0.03770960494875908
24.646706378553063,-0.36031225323677063,-0.1400168091058731,0.017491760253905753,0.00016460716142319143,0.005282062571495771,0.03393768146634102
24.69670637929812,0.33042556047439575,0.11933858692646027,-0.01822620391845753,-1.842979690991342e-05,-0.005319257732480764,-0.037450384348630905
24.74670638004318,-0.3202679455280304,-0.16010911762714386,0.01757091522216747,1.2509750376921147e-05,0.005222778767347336,0.03371948376297951
24.796706380788237,0.3204667568206787,0.12945878505706787,-0.017954406738281747,0.0001196192461065948,-0.005357526708394289,-0.037143055349588394
24.846706381533295,-0.32015156745910645,-0.12999501824378967,0.01775688171386669,0.00023416128533426672,0.005209732335060835,0.03461313247680664
24.896706382278353,0.34051796793937683,0.11963193118572235,-0.01780372619628956,9.892071830108762e-06,-0.0053496346808969975,-0.03651845455169678
24.94670638302341,-0.30007827281951904,-0.12995868921279907,0.017972412109374503,0.000112246758362744,0.005237210541963577,0.03495405241847038
24.99670638376847,0.30055156350135803,0.11971517652273178,-0.017695960998535654,-4.2231808038195595e-05,-0.005311350803822279,-0.0363028310239315
25.046706384513527,-0.3000556528568268,-0.1500425636768341,0.01801628112792919,-0.00011374713358236477,0.005280622281134129,0.03452972695231438
25.096706385258585,0.3205462694168091,0.12977807223796844,-0.01760536193847706,0.00026336879818700254,-0.005269056651741266,-0.03585415706038475
25.146706386003643,-0.3200516104698181,-0.12991556525230408,0.01791233062744091,8.782183613220695e-06,0.0053121610544621944,0.03526253253221512
25.1967063867487,0.3105144500732422,0.1298752874135971,-0.01768451690673878,0.00012075330596417189,-0.0052475836127996445,-0.035554975271224976
25.24670638749376,-0.31009042263031006,-0.1399700939655304,0.01780742645263622,-0.00024878510157577693,0.005322044249624014,0.03489997982978821
25.296706388238817,0.3104698956012726,0.12978003919124603,-0.017807540893555185,8.781241376709659e-06,-0.005249584559351206,-0.03623627498745918
25.346706388983876,-0.31010785698890686,-0.12997478246688843,0.017732086181640128,9.883384336717427e-05,0.005308253224939108,0.03519418090581894
25.396706389728934,0.30043718218803406,0.10983184725046158,-0.017897186279297372,-5.219468948780559e-05,-0.005268422421067953,-0.03619908541440964
25.44670639047399,-0.3101024925708771,-0.10997683554887772,0.01766819000244091,7.699638808844611e-05,0.005287480540573597,0.035213928669691086
25.49670639121905,0.3104298412799835,0.11993663012981415,-0.017865715026855966,0.00014167158224154264,-0.0052893743850290775,-0.035587746649980545
25.546706391964108,-0.32009902596473694,-0.11991220712661743,0.017669143676757315,-4.4843789510196075e-05,0.005270286928862333,0.03544437512755394
25.596706392709166,0.3204413056373596,0.11997263878583908,-0.01780658721923878,9.505262278253213e-05,-0.005302274599671364,-0.03542758524417877
25.646706393454224,-0.31008264422416687,-0.11989875137805939,0.01773113250732372,-6.396754906745628e-05,0.005264679901301861,0.0355411134660244
25.696706394199282,0.3104575574398041,0.08990775793790817,-0.017777023315430185,-0.00011805209214799106,-0.005302636418491602,-0.03594786301255226
25.74670639494434,-0.31006625294685364,-0.1299605369567871,0.017794075012206534,4.77713874715846e-05,0.0052693733014166355,0.03535584360361099
25.796706395689398,0.3104652166366577,0.12990006804466248,-0.01774745941162159,-7.890966662671417e-05,-0.005293855909258127,-0.03606798127293587
25.846706396434456,-0.29004964232444763,-0.12999027967453003,0.017824592590331534,6.369555921992287e-05,0.005279967561364174,0.03527789190411568
25.896706397179514,0.2904609739780426,0.1299099624156952,-0.017743644714355966,-7.131785241654143e-05,-0.005282907746732235,-0.03612320125102997
25.946706397924572,-0.3000481426715851,-0.13000452518463135,0.017823638916015128,6.677052442682907e-05,0.0052896230481565,0.035247065126895905
25.99670639866963,0.3004518449306488,0.12000349164009094,-0.017748413085937997,0.00013309266068972647,-0.005275100003927946,-0.03555937111377716
26.04670639941469,-0.3000485897064209,-0.10986169427633286,0.01776451110839794,0.00015185223310254514,0.0052926926873624325,0.03604185953736305
26.096706400159746,0.3004458248615265,0.12008386850357056,-0.017775115966797372,-2.7343043257133104e-05,-0.005275523755699396,-0.035201866179704666
26.146706400904804,-0.30006977915763855,-0.13989678025245667,0.017760696411132315,-0.00011127158359158784,0.005291272886097431,0.035703446716070175
26.196706401649863,0.3004396855831146,0.13004326820373535,-0.01780658721923878,6.35609176242724e-05,-0.0052792103961110115,-0.03526768088340759
26.24670640239492,-0.3000638782978058,-0.08981973677873611,0.01776165008544872,0.00012214055459480733,0.005285804625600576,0.036235589534044266
26.29670640313998,0.30044472217559814,0.12008174508810043,-0.017804679870605966,-4.131032983423211e-05,-0.0052848621271550655,-0.03507490083575249
26.346706403885037,-0.31008395552635193,-0.13985827565193176,0.01772922515869091,-0.00011735610314644873,0.005281435791403055,0.03578232601284981
26.396706404630095,0.3104497790336609,0.13003328442573547,-0.017804679870605966,6.028770440025255e-05,-0.005288546439260244,-0.03521183133125305
26.446706405375153,-0.3000740110874176,-0.11987248063087463,0.01779026031494091,-8.142068691086024e-05,0.005279081873595715,0.03568687662482262
26.49670640612021,0.3004560172557831,0.12002414464950562,-0.017836151123047372,7.403302879538387e-05,-0.005289286840707064,-0.03527212515473366
26.54670640686527,-0.310068279504776,-0.1097814068198204,0.01782554626464794,0.00012618354230653495,0.005279221571981907,0.03622511029243469
26.596706407610327,0.3104626536369324,0.11998966336250305,-0.01782375335693409,-0.0002436643117107451,-0.00528815807774663,-0.03566668555140495
26.646706408355385,-0.29007428884506226,-0.13990290462970734,0.01780742645263622,-2.7587975637288764e-06,0.005282321013510227,0.03554956614971161
26.696706409100443,0.2804628312587738,0.150002583861351,-0.017771301269531747,0.00010007163655245677,-0.005284381099045277,-0.03536166250705719
26.7467064098455,-0.28006911277770996,-0.11979309469461441,0.017789306640624503,0.0001349473459413275,0.005284404847770929,0.036167144775390625
26.79670641059056,0.2904663383960724,0.11006390303373337,-0.017772254943848154,-3.7605012039421126e-05,-0.005282882135361433,-0.03511730954051018
26.846706411335617,-0.3000737726688385,-0.10982819646596909,0.017791213989257315,-0.00011845403059851378,0.0052861375734210014,0.03575286269187927
26.896706412080675,0.3004665970802307,0.1200106143951416,-0.017833290100098154,5.6053024309221655e-05,-0.0052821640856564045,-0.035232413560152054
26.946706412825733,-0.30008432269096375,-0.12983953952789307,0.017819824218749503,-8.431677269982174e-05,0.005285926628857851,0.035675741732120514
26.99670641357079,0.30046895146369934,0.14000190794467926,-0.017836151123047372,7.207939779618755e-05,-0.005282686557620764,-0.035282447934150696
27.04670641431585,-0.3000953793525696,-0.1398419290781021,0.017821731567382315,-7.902458310127258e-05,0.005284464918076992,0.03564193472266197
27.096706415060908,0.3004622757434845,0.10986052453517914,-0.01783138275146534,-0.0002794251195155084,-0.005285000894218683,-0.03632420673966408
27.146706415805966,-0.3100876808166504,-0.13996003568172455,0.017786445617675284,0.00012385245645418763,0.005282778758555651,0.03523469716310501
27.196706416551024,0.3104563355445862,0.1398889720439911,-0.01780086517334034,-5.396940105129033e-05,-0.005285595543682575,-0.03615661337971687
27.246706417296082,-0.3000764846801758,-0.12996426224708557,0.01775688171386669,6.924791523488238e-05,0.0052818432450294495,0.03522562235593796
27.29670641804114,0.3004508912563324,0.10990869998931885,-0.01777320861816456,-7.029645348666236e-05,-0.005285982973873615,-0.036161892116069794
27.346706418786198,-0.310060977935791,-0.11997999995946884,0.017791213989257315,6.292641774052754e-05,0.005281957797706127,0.03522280603647232
27.396706419531256,0.3104463815689087,0.12999996542930603,-0.01780658721923878,0.00012887836783193052,-0.005284871440380812,-0.035573672503232956
27.446706420276314,-0.3000641465187073,-0.13993331789970398,0.017760696411132315,-5.206112109590322e-05,0.0052831764332950115,0.03544986993074417
27.496706421021372,0.3004453778266907,0.1400253176689148,-0.017772254943848154,8.628083014627919e-05,-0.005284694954752922,-0.035426754504442215
27.54670642176643,-0.3000604808330536,-0.11983564496040344,0.017788352966308096,0.00013117297203280032,0.005283648148179054,0.03612680360674858
27.596706422511488,0.30044910311698914,0.1200023889541626,-0.01780086517334034,-0.0002414725604467094,-0.005284967832267284,-0.035731241106987
27.646706423256546,-0.3100622296333313,-0.12994684278964996,0.01778739929199169,-7.795006240485236e-07,0.005284484010189772,0.03551057353615761
27.696706424001604,0.31044620275497437,0.1300196647644043,-0.017772254943848154,0.00010346505587222055,-0.005283603444695473,-0.03538786619901657
27.746706424746662,-0.2900647819042206,-0.13992315530776978,0.01777500152587841,-6.274534825934097e-05,0.005284447222948074,0.03557264059782028
27.79670642549172,0.29044437408447266,0.14003261923789978,-0.017820892333984872,8.372990123461932e-05,-0.005283878184854984,-0.03534843027591705
27.84670642623678,-0.31006529927253723,-0.1399080902338028,0.01779216766357372,-7.101751543814316e-05,0.005284214857965708,0.035598937422037125
27.896706426981837,0.3104456961154938,0.1300380676984787,-0.01780658721923878,7.886255480116233e-05,-0.005284233950078487,-0.03533091023564339
27.946706427726895,-0.3100601136684418,-0.11990667879581451,0.01779216766357372,-7.330527296289802e-05,0.005283337086439133,0.035610076040029526
27.996706428471953,0.3104472756385803,0.12003665417432785,-0.01780658721923878,7.756880222586915e-05,-0.005284493323415518,-0.03532375767827034
28.04670642921701,-0.30006086826324463,-0.11990241706371307,0.01779216766357372,-7.559365622000769e-05,0.00528376828879118,0.035614676773548126
28.09670642996207,0.30044886469841003,0.12003424763679504,-0.01780658721923878,7.648141036042944e-05,-0.005284331738948822,-0.035320427268743515
28.146706430707127,-0.310061514377594,-0.11989785730838776,0.01779216766357372,-7.611118053318933e-05,0.005283390637487173,0.03561639040708542
28.196706431452185,0.3104495704174042,0.120038241147995,-0.01780658721923878,7.655096123926342e-05,-0.005284192506223917,-0.035319410264492035
28.246706432197243,-0.300062358379364,-0.11989901959896088,0.01779216766357372,-7.53615313442424e-05,0.005284283310174942,0.035617053508758545
28.2967064329423,0.30045032501220703,0.1200358122587204,-0.01780658721923878,7.659479888388887e-05,-0.005284233950078487,-0.03531918674707413
28.34670643368736,-0.31006309390068054,-0.11988890916109085,0.01779216766357372,-7.580605597468093e-05,0.005283298436552286,0.035617582499980927
28.396706434432417,0.3104511499404907,0.12003453075885773,-0.01780658721923878,7.575404015369713e-05,-0.005284107755869627,-0.03531903028488159
28.446706435177475,-0.3000637888908386,-0.11989019811153412,0.01779216766357372,-7.564317638752982e-05,0.005283944308757782,0.03561776876449585
28.496706435922533,0.30045169591903687,0.12003234028816223,-0.01780658721923878,7.556441414635628e-05,-0.005284381099045277,-0.0353190079331398
28.54670643666759,-0.31006771326065063,-0.1298852413892746,0.01779216766357372,-7.664562872378156e-05,0.00528434943407774,0.03561756759881973
28.59670643741265,0.3104519248008728,0.1400308907032013,-0.01780658721923878,7.614277274115011e-05,-0.005284348037093878,-0.03531894087791443
28.646706438157707,-0.3000715672969818,-0.13988667726516724,0.01779216766357372,-7.749943324597552e-05,0.005283901933580637,0.03561747819185257
28.696706438902766,0.3004499673843384,0.13995137810707092,-0.017805633544922372,-0.00012752461771015078,-0.005284908227622509,-0.035908136516809464
28.746706439647824,-0.31006449460983276,-0.1299542933702469,0.017791213989257315,3.978460517828353e-05,0.005283297970890999,0.0353907085955143
28.79670644039288,0.3104473948478699,0.12001386284828186,-0.01780658721923878,0.00011776292376453057,-0.005284109618514776,-0.035465843975543976
28.84670644113794,-0.3000565767288208,-0.09982455521821976,0.017793121337890128,0.00014445102715399116,0.0052831582725048065,0.03609953820705414
28.896706441882998,0.30045098066329956,0.1300828456878662,-0.017807540893555185,-3.354270666022785e-05,-0.005284762941300869,-0.03516058996319771
28.946706442628056,-0.3100726008415222,-0.13986052572727203,0.017793121337890128,-0.00011635274859145284,0.005283991806209087,0.03572456166148186
28.996706443373114,0.3104543089866638,0.13003642857074738,-0.017807540893555185,5.8875644754152745e-05,-0.00528426468372345,-0.035249337553977966
29.046706444118172,-0.30006736516952515,-0.11987563967704773,0.017763557434081534,-8.400319347856566e-05,0.005283122416585684,0.03566375747323036
29.09670644486323,0.3004556894302368,0.12002793699502945,-0.017748413085937997,7.318826101254672e-05,-0.0052845836617052555,-0.0352889709174633
29.146706445608288,-0.3100684583187103,-0.11987469345331192,0.01773399353027294,-7.604733400512487e-05,0.005283877719193697,0.035637401044368744
29.196706446353346,0.310454785823822,0.0999448299407959,-0.017748413085937997,-0.00012716972560156137,-0.005284922197461128,-0.03589513525366783
29.246706447098404,-0.3000638484954834,-0.1098553016781807,0.017734947204589346,0.0002424850536044687,0.005282996688038111,0.03597816079854965
29.296706447843462,0.30045655369758606,0.15005193650722504,-0.017749366760254404,3.9899032344692387e-07,-0.005284438841044903,-0.03523954004049301
29.34670644858852,-0.310080349445343,-0.14986181259155273,0.01776451110839794,-9.94916699710302e-05,0.0052838497795164585,0.03567192703485489
29.39670644933358,0.310458242893219,0.15002237260341644,-0.017807540893555185,6.590776320081204e-05,-0.005284331738948822,-0.03528396412730217
29.446706450078636,-0.3100743591785431,-0.12986935675144196,0.01779216766357372,-7.992998871486634e-05,0.005284052807837725,0.03564087301492691
29.496706450823694,0.31045660376548767,0.10994010418653488,-0.017805633544922372,-0.00012916552077513188,-0.0052850740030407906,-0.03589304909110069
29.546706451568753,-0.30007392168045044,-0.13994170725345612,0.017791213989257315,3.863572055706754e-05,0.005283589009195566,0.03540055453777313
29.59670645231381,0.30045413970947266,0.12000063061714172,-0.01780658721923878,0.00011882764374604449,-0.005284442100673914,-0.03545955568552017
29.64670645305887,-0.31006622314453125,-0.1198965534567833,0.01779216766357372,-5.854496703250334e-05,0.005283663515001535,0.03552422672510147
29.696706453803927,0.3104534149169922,0.140022411942482,-0.01780658721923878,8.4443818195723e-05,-0.0052843159064650536,-0.03537929430603981
29.746706454548985,-0.30006951093673706,-0.12988942861557007,0.017763557434081534,-7.297652337001637e-05,0.00528350006788969,0.035578079521656036
29.796706455294043,0.3004535734653473,0.1400214582681656,-0.017748413085937997,7.821266626706347e-05,-0.005284243728965521,-0.03534436598420143
29.8467064560391,-0.3100687265396118,-0.11979540437459946,0.017734947204589346,0.0001260590652236715,0.005283294711261988,0.0361805334687233
29.89670645678416,0.3104557693004608,0.09996103495359421,-0.017748413085937997,-0.00032829257543198764,-0.005285203456878662,-0.035940803587436676
29.946706457529217,-0.30006858706474304,-0.11985689401626587,0.01776451110839794,0.000249101227382198,0.00528322160243988,0.03601778671145439
29.996706458274275,0.30045443773269653,0.11997153609991074,-0.017805633544922372,-0.00020161588327027857,-0.005285073071718216,-0.035802923142910004
30.046706459019333,-0.3100702464580536,-0.12992791831493378,0.01779216766357372,1.5230273675115313e-05,0.005283338017761707,0.035461727529764175
30.09670645976439,0.3104528486728668,0.12000546604394913,-0.01780658721923878,0.00010892339196288958,-0.005284488201141357,-0.03542006388306618
30.14670646050945,-0.3000578284263611,-0.08981021493673325,0.017793121337890128,0.00013913423754274845,0.00528245884925127,0.036129891872406006
30.196706461254507,0.3004586100578308,0.1300678253173828,-0.017822799682617685,-3.4857810533139855e-05,-0.0052849785424768925,-0.035140711814165115
30.246706461999565,-0.31007567048072815,-0.12984497845172882,0.017808380126952628,-0.0001156362341134809,0.005283614620566368,0.03573742136359215
30.296706462744623,0.31046077609062195,0.13002049922943115,-0.017807540893555185,5.9565514675341547e-05,-0.005284660495817661,-0.035240933299064636
30.34670646348968,-0.3000735938549042,-0.11986043304204941,0.017760696411132315,-8.42253357404843e-05,0.005283496808260679,0.035668980330228806
30.39670646423474,0.30046185851097107,0.12001249194145203,-0.017772254943848154,7.286207255674526e-05,-0.005284579005092382,-0.03528556600213051
30.446706464979798,-0.3000786304473877,-0.12986281514167786,0.01778739929199169,-7.801776519045234e-05,0.005283990874886513,0.035639211535453796
30.496706465724856,0.300464004278183,0.14000986516475677,-0.017772254943848154,7.577352516818792e-05,-0.005284081678837538,-0.0353049673140049
30.546706466469914,-0.30008378624916077,-0.13986076414585114,0.01772922515869091,-7.596077193738893e-05,0.005283955950289965,0.03562670946121216
30.596706467214972,0.3004642426967621,0.1300077587366104,-0.017743644714355966,7.582873513456434e-05,-0.005283696576952934,-0.035313110798597336
30.64670646796003,-0.30007636547088623,-0.1198587715625763,0.017760696411132315,-7.631650805706158e-05,0.005284115206450224,0.035621240735054016
30.696706468705088,0.3004644215106964,0.12000594288110733,-0.01780658721923878,7.463705696864054e-05,-0.0052840556018054485,-0.035316821187734604
30.746706469450146,-0.30008137226104736,-0.12985685467720032,0.01779216766357372,-7.687590550631285e-05,0.005283992737531662,0.03561895340681076
30.796706470195204,0.3004653751850128,0.13999882340431213,-0.01780658721923878,7.477150211343542e-05,-0.0052839117124676704,-0.03531821072101593
30.846706470940262,-0.3100864589214325,-0.13985081017017365,0.01779216766357372,-7.710756472079083e-05,0.005284053739160299,0.03561796993017197
30.89670647168532,0.3104654550552368,0.12999624013900757,-0.01780658721923878,7.695803651586175e-05,-0.005284457933157682,-0.0353190153837204
30.946706472430378,-0.3000785708427429,-0.11985326558351517,0.01779216766357372,-7.762293535051867e-05,0.005283644888550043,0.03561778366565704
30.996706473175436,0.30046653747558594,0.11999528855085373,-0.017792282104492685,7.559613004559651e-05,-0.0052847182378172874,-0.03531897813081741
31.046706473920494,-0.3100791871547699,-0.11984702199697495,0.017777862548827628,-7.565136183984578e-05,0.005283602513372898,0.03561759740114212
31.096706474665552,0.31046730279922485,0.119992695748806,-0.01780658721923878,7.466127863153815e-05,-0.005283968988806009,-0.03531870245933533
31.14670647541061,-0.3000843822956085,-0.12984953820705414,0.01779216766357372,-7.645327423233539e-05,0.005283419042825699,0.03561743348836899
31.19670647615567,0.30046993494033813,0.13999183475971222,-0.01780658721923878,7.674504013266414e-05,-0.005284278653562069,-0.03531917184591293
31.246706476900727,-0.31008967757225037,-0.13984335958957672,0.017763557434081534,-7.697950059082359e-05,0.005283161532133818,0.03561747074127197
31.296706477645785,0.3104698359966278,0.12998893857002258,-0.017748413085937997,7.627052400493994e-05,-0.005284335929900408,-0.03531910479068756
31.346706478390843,-0.30008143186569214,-0.11984611302614212,0.01773399353027294,-7.603638368891552e-05,0.005283823236823082,0.03561756759881973
31.3967064791359,0.3004653751850128,0.1098790168762207,-0.01773029327392628,-0.0002110445057041943,-0.005284575279802084,-0.03615229204297066
31.44670647988096,-0.31008002161979675,-0.12994199991226196,0.017742576599120596,8.8638233137317e-05,0.005283637437969446,0.035296790301799774
31.496706480626017,0.310459166765213,0.11988847702741623,-0.01780086517334034,-6.745848804712296e-05,-0.005284379702061415,-0.036115989089012146
31.546706481371075,-0.30007708072662354,-0.13995838165283203,0.017786445617675284,6.588110409211367e-05,0.005283406004309654,0.03525281697511673
31.596706482116133,0.3004526197910309,0.1299026906490326,-0.017799911499023935,-7.307921623578295e-05,-0.005284563172608614,-0.036144331097602844
31.64670648286119,-0.3100696802139282,-0.13997486233711243,0.017786445617675284,6.270626909099519e-05,0.005283274222165346,0.03523477911949158
31.69670648360625,0.31044480204582214,0.13991539180278778,-0.01780086517334034,-7.381207979051396e-05,-0.005284946411848068,-0.036155689507722855
31.746706484351307,-0.3000568151473999,-0.11999917030334473,0.017786445617675284,6.308341835392639e-05,0.005282849073410034,0.03522789850831032
